-- PENDIENTE ISTAC Lista de valores definitivos

-- GEOGRAPHIC GRANULARITIES

-- Countries
INSERT INTO TB_INTERNATIONAL_STRINGS (ID, VERSION) VALUES (3, 1);
INSERT INTO TB_LOCALISED_STRINGS (ID, LABEL, LOCALE, INTERNATIONAL_STRING_FK, VERSION) VALUES (5, 'Countries', 'en',  3, 1);
INSERT INTO TB_LOCALISED_STRINGS (ID, LABEL, LOCALE, INTERNATIONAL_STRING_FK, VERSION) VALUES (6, 'Países', 'es',  3, 1);
INSERT INTO TB_LIS_GEOGR_GRANULARITIES (ID, CODE, UUID, TITLE_FK) VALUES (1, 'COUNTRIES', '1', 3);

-- Municipalities
INSERT INTO TB_INTERNATIONAL_STRINGS (ID, VERSION) VALUES (4, 1);
INSERT INTO TB_LOCALISED_STRINGS (ID, LABEL, LOCALE, INTERNATIONAL_STRING_FK, VERSION) VALUES (7, 'Municipalities', 'en',  4, 1);
INSERT INTO TB_LOCALISED_STRINGS (ID, LABEL, LOCALE, INTERNATIONAL_STRING_FK, VERSION) VALUES (8, 'Municipios', 'es',  4, 1);
INSERT INTO TB_LIS_GEOGR_GRANULARITIES (ID, CODE, UUID, TITLE_FK) VALUES (2, 'MUNICIPALITIES', '2', 4);


-- GEOGRAPHIC VALUES

-- Spain
INSERT INTO TB_INTERNATIONAL_STRINGS (ID, VERSION) VALUES (5, 1);
INSERT INTO TB_LOCALISED_STRINGS (ID, LABEL, LOCALE, INTERNATIONAL_STRING_FK, VERSION) VALUES (9, 'Spain', 'en',  5, 1);
INSERT INTO TB_LOCALISED_STRINGS (ID, LABEL, LOCALE, INTERNATIONAL_STRING_FK, VERSION) VALUES (10, 'España', 'es',  5, 1);
INSERT INTO TB_LIS_GEOGR_VALUES (ID, CODE, LATITUDE, LONGITUDE, UUID, TITLE_FK, GRANULARITY_FK) VALUES (1, 'ES', 20.0656233, -25.454564645, '1', null, 1);

-- Santa Cruz
INSERT INTO TB_INTERNATIONAL_STRINGS (ID, VERSION) VALUES (6, 1);
INSERT INTO TB_LOCALISED_STRINGS (ID, LABEL, LOCALE, INTERNATIONAL_STRING_FK, VERSION) VALUES (11, 'Santa Cruz de Tenerife', 'en',  6, 1);
INSERT INTO TB_LOCALISED_STRINGS (ID, LABEL, LOCALE, INTERNATIONAL_STRING_FK, VERSION) VALUES (12, 'Santa Cruz de Tenerife', 'es',  6, 1);
INSERT INTO TB_LIS_GEOGR_VALUES (ID, CODE, LATITUDE, LONGITUDE, UUID, TITLE_FK, GRANULARITY_FK) VALUES (2, 'ES-SC', 22.232511, 32.254112, '2', 6, 2);

-- France
INSERT INTO TB_INTERNATIONAL_STRINGS (ID, VERSION) VALUES (7, 1);
INSERT INTO TB_LOCALISED_STRINGS (ID, LABEL, LOCALE, INTERNATIONAL_STRING_FK, VERSION) VALUES (13, 'France', 'en',  7, 1);
INSERT INTO TB_LOCALISED_STRINGS (ID, LABEL, LOCALE, INTERNATIONAL_STRING_FK, VERSION) VALUES (14, 'Francia', 'es',  7, 1);
INSERT INTO TB_LIS_GEOGR_VALUES (ID, CODE, LATITUDE, LONGITUDE, UUID, TITLE_FK, GRANULARITY_FK) VALUES (3, 'FR', 12.5656233, -15.46464565, '3', 7, 1);


-- Update sequences
alter sequence SEQ_I18NSTRS increment by 5;
select SEQ_I18NSTRS.nextval from dual;
alter sequence SEQ_I18NSTRS increment by 1; 

alter sequence SEQ_L10NSTRS increment by 10;
select SEQ_L10NSTRS.nextval from dual;
alter sequence SEQ_L10NSTRS increment by 1;

alter sequence SEQ_GEOGR_GRANULARITIES increment by 2;
select SEQ_GEOGR_GRANULARITIES.nextval from dual;
alter sequence SEQ_GEOGR_GRANULARITIES increment by 1;

alter sequence SEQ_GEOGR_VALUES increment by 3;
select SEQ_GEOGR_VALUES.nextval from dual;
alter sequence SEQ_GEOGR_VALUES increment by 1;